pair_id,label,syntax,ast,control_flow,api,identifier,execution,retrieval
p1_pos,1,1.0,1.0,1.0,1.0,1.0,1.0,1.0
p1_neg,0,1.0,0.9615384615384616,0.9615384615384616,0.9615384615384616,0.9615384615384616,0.9615384615384616,0.9615384615384616
p2_pos,1,1.0,1.0,1.0,1.0,1.0,1.0,1.0
p2_neg,0,1.0,0.967741935483871,0.967741935483871,0.967741935483871,0.967741935483871,0.967741935483871,0.967741935483871
